Sport,PlayerRank,PlayerName,PlayerHomeTown,RankingAvailable,AltertivePlayerlink
Football,1,Arch Manning,"Isidore NewmanNew Orleans, LA",https://www.on3.com/college/texas-longhorns/football/2023/industry-comparison-commits/,
Football,2,Caleb Williams,"Gonzaga Washington, DC",https://www.on3.com/college/usc-trojans/football/2023/industry-comparison-commits/,
Football,3,Travis Hunter,"Collins HillSuwanee, GA",https://www.on3.com/college/colorado-buffaloes/football/2023/industry-comparison-commits/,
Football,4,Shedeur Sanders,"Trinity Christian SchoolCedar Hill, TX",https://www.on3.com/college/colorado-buffaloes/football/2023/industry-comparison-commits/,
Football,5,Drake Maye,"Myers ParkCharlotte, NC",https://www.on3.com/college/north-caroli-tar-heels/football/2023/industry-comparison-commits/,
Football,6,Bo Nix,"Scottsboro SchPinson, AL",https://www.on3.com/college/oregon-ducks/football/2023/industry-comparison-commits/,
Football,7,Marvin Harrison Jr.,"St. Joseph's Prep SchoolPhiladelphia, PA",https://www.on3.com/college/ohio-state-buckeyes/football/2023/industry-comparison-commits/,
Football,8,Michael Penix Jr.,"Tampa Bay TechTampa, FL",https://www.on3.com/college/washington-huskies/football/2023/industry-comparison-commits/,
Football,9,Nico Iamaleava,"WarrenLong Beach, CA",https://www.on3.com/nil/athlete-network/,
Football,10,Jordan Travis,"The Benjamin SchoolNorth Palm Beach, FL",https://www.on3.com/college/florida-state-seminoles/football/2023/industry-comparison-commits/,
Football,11,Xavier Worthy,"Central EastFresno, CA",https://www.on3.com/college/texas-longhorns/football/2023/industry-comparison-commits/,
Football,12,Sam Hartman,"Oceanside Collegiate AcademyMount Pleasant, SC",https://www.on3.com/college/notre-dame-fighting-irish/football/2023/industry-comparison-commits/,
Football,13,Blake Corum,"St. Frances AcademyLaurel, MD",https://www.on3.com/college/michigan-wolverines/football/2023/industry-comparison-commits/,
Football,14,Spencer Rattler,"PinnaclePhoenix, AZ",https://www.on3.com/college/south-caroli-gamecocks/football/2023/industry-comparison-commits/,
Football,15,Emeka Egbuka,"SteilacoomSteilacoom, WA",https://www.on3.com/college/ohio-state-buckeyes/football/2023/industry-comparison-commits/,
Football,16,Quinshon Judkins,"Pike RoadPike Road, AL",https://www.on3.com/college/ole-miss-rebels/football/2023/industry-comparison-commits/,
Football,17,Malachi Nelson,"Los AlamitosLos Alamitos, CA",https://www.on3.com/college/usc-trojans/football/2023/industry-comparison-commits/,
Football,18,Evan Stewart,"LibertyFrisco, TX",https://www.on3.com/college/texas-am-aggies/football/2023/industry-comparison-commits/,
Football,19,Dante Moore,"Martin Luther KingDetroit, MI",https://www.on3.com/college/ucla-bruins/football/2023/industry-comparison-commits/,
Football,20,Nick Singleton,"Governor MifflinReading, PA",https://www.on3.com/college/penn-state-nittany-lions/football/2023/industry-comparison-commits/,
Football,21,Jayden Daniels,"CajonSan Bernardino, CA",https://www.on3.com/college/lsu-tigers/football/2023/industry-comparison-commits/,
Football,22,Jared Verse,"Central ColumbiaBloomsburg, PA",https://www.on3.com/college/florida-state-seminoles/football/2023/industry-comparison-commits/,
Football,23,J.J. McCarthy,"IMG AcademyLa Grange Park, IL",https://www.on3.com/college/michigan-wolverines/football/2023/industry-comparison-commits/,
Football,24,Laiatu Latu,"JesuitCarmichael, CA",https://www.on3.com/college/ucla-bruins/football/2023/industry-comparison-commits/,
Football,25,Cameron Rising,"Newbury ParkNewbury Park, CA",,https://www.on3.com/db/cameron-rising-18045/nil/
Football,26,Bralen Trice,"Sandra Day O'connorGlendale, AZ",https://www.on3.com/college/washington-huskies/football/2023/industry-comparison-commits/,
Football,27,Jackson Arnold,"GuyerDenton, TX",https://www.on3.com/college/oklahoma-sooners/football/2023/industry-comparison-commits/,
Football,28,J.T. Tuimoloau,"Eastside CatholicSammamish, WA",https://www.on3.com/college/ohio-state-buckeyes/football/2023/industry-comparison-commits/,
Football,29,TreVeyon Henderson,"HopewellHopewell, VA",https://www.on3.com/college/ohio-state-buckeyes/football/2023/industry-comparison-commits/,
Football,30,Kool-Aid McKinstry,"Pinson ValleyPinson, AL",https://www.on3.com/college/alabama-crimson-tide/football/2023/industry-comparison-commits/,
Football,31,Rome Odunze,"Bishop GormanLas Vegas, NV",https://www.on3.com/college/washington-huskies/football/2023/industry-comparison-commits/,
Football,32,Raheim Sanders,"RockledgeRockledge, FL",https://www.on3.com/college/arkansas-razorbacks/football/2023/industry-comparison-commits/,
Football,33,Jarquez Hunter,"Neshoba CentralPhiladelphia, MS",https://www.on3.com/college/auburn-tigers/football/2023/industry-comparison-commits/,
Football,34,Miyan Williams,"Winton WoodsCincinnati, OH",https://www.on3.com/college/ohio-state-buckeyes/football/2023/industry-comparison-commits/,
Football,35,Malik Nabers,"SouthsideYoungsville, LA",https://www.on3.com/college/lsu-tigers/football/2023/industry-comparison-commits/,
Football,36,Brock Bowers,"NapaNapa, CA",https://www.on3.com/college/georgia-bulldogs/football/2023/industry-comparison-commits/,
Football,37,Zachariah Branch,"Bishop GormanLas Vegas, NV",https://www.on3.com/college/usc-trojans/football/2023/industry-comparison-commits/,
Football,38,Chop Robinson,"Quince OrchardGaithersburg, MD",https://www.on3.com/college/penn-state-nittany-lions/football/2023/industry-comparison-commits/,
Football,39,Bucky Irving,"HillcrestCountry Club Hills, IL",https://www.on3.com/college/oregon-ducks/football/2023/industry-comparison-commits/,
Football,40,Ainias Smith,"DullesSugar Land, TX",https://www.on3.com/college/texas-am-aggies/football/2023/industry-comparison-commits/,
Football,41,Caleb Downs,"Mill CreekHoschton, GA",https://www.on3.com/college/alabama-crimson-tide/football/2023/industry-comparison-commits/,
Football,42,Braelon Allen,"Fond Du LacFond Du Lac, WI",https://www.on3.com/college/wisconsin-badgers/football/2023/industry-comparison-commits/,
Football,43,KJ Jefferson,"North PanolaSardis, MS",https://www.on3.com/college/arkansas-razorbacks/football/2023/industry-comparison-commits/,
Football,44,Quinn Ewers,"Southlake CarrollSouthlake, TX",https://www.on3.com/college/texas-longhorns/football/2023/industry-comparison-commits/,
Football,45,Donovan Ezeiruaku,"WilliamstownWilliamstown, NJ",https://www.on3.com/college/boston-college-eagles/football/2023/industry-comparison-commits/,
Football,46,Shilo Sanders,"Trinity Christian SchoolCedar Hill, TX",,https://www.on3.com/db/shilo-sanders-107260/nil/
Football,47,Trey Benson,"St JosephGreenville, MS",https://www.on3.com/college/florida-state-seminoles/football/2023/industry-comparison-commits/,
Football,48,Donovan Edwards,"West BloomfieldWest Bloomfield, MI",https://www.on3.com/college/michigan-wolverines/football/2023/industry-comparison-commits/,
Football,49,Jacob Cowing,"MaricopaMaricopa, AZ",https://www.on3.com/college/arizo-wildcats/football/2023/industry-comparison-commits/,
Football,50,Harold Perkins,"Cy ParkCypress, TX",https://www.on3.com/college/lsu-tigers/football/2023/industry-comparison-commits/,
Football,51,Olu Fashanu,"Gonzaga Washington, DC",https://www.on3.com/college/penn-state-nittany-lions/football/2023/industry-comparison-commits/,
Football,52,Johnny Wilson,"CalabasasCalabasas, CA",https://www.on3.com/college/florida-state-seminoles/football/2023/industry-comparison-commits/,
Football,53,Anthony Hill,"RyanDenton, TX",https://www.on3.com/college/texas-longhorns/football/2023/industry-comparison-commits/,
Football,54,Will Johnson,"Grosse Pointe SouthGrosse Pointe, MI",https://www.on3.com/college/michigan-wolverines/football/2023/industry-comparison-commits/,
Football,55,Devin Leary,"Timber CreekSicklerville, NJ",https://www.on3.com/college/kentucky-wildcats/football/2023/industry-comparison-commits/,
Football,56,Joe Alt,"Totino-GraceMinneapolis, MN",https://www.on3.com/college/notre-dame-fighting-irish/football/2023/industry-comparison-commits/,
Football,57,Brant Kuithe,"Cinco RanchKaty, TX",https://www.on3.com/college/utah-utes/football/2023/industry-comparison-commits/,
Football,58,Dwight McGlothern,"Klein OakSpring, TX",https://www.on3.com/college/arkansas-razorbacks/football/2023/industry-comparison-commits/,
Football,59,Dillon Gabriel,"MililaniMililani, HI",https://www.on3.com/college/oklahoma-sooners/football/2023/industry-comparison-commits/,
Football,60,Kadyn Proctor,"Southeast PolkDes Moines, IA",https://www.on3.com/college/alabama-crimson-tide/football/2023/industry-comparison-commits/,
Football,61,Chico Bennett Jr.,"Battle Ground AcademyFranklin, TN",https://www.on3.com/college/georgia-tech-yellow-jackets/football/2023/industry-comparison-commits/,
Football,62,Benjamin Morrison,"Brophy College PreparatoryPhoenix, AZ",https://www.on3.com/college/notre-dame-fighting-irish/football/2023/industry-comparison-commits/,
Football,63,Abdul Carter,"La Salle CollegePhiladelphia, PA",https://www.on3.com/college/penn-state-nittany-lions/football/2023/industry-comparison-commits/,
Football,64,DeWayne Carter,"Pickerington CentralPickerington, OH",https://www.on3.com/college/duke-blue-devils/football/2023/industry-comparison-commits/,
Football,65,Malaki Starks,"JeffersonJefferson, GA",https://www.on3.com/college/georgia-bulldogs/football/2023/industry-comparison-commits/,
Football,66,Graham Barton,"RavenwoodBrentwood, TN",https://www.on3.com/college/duke-blue-devils/football/2023/industry-comparison-commits/,
Football,67,JC Latham,"IMG AcademyBradenton, FL",https://www.on3.com/college/alabama-crimson-tide/football/2023/industry-comparison-commits/,
Football,68,Joe Milton,"OlympiaOrlando, FL",https://www.on3.com/college/tennessee-volunteers/football/2023/industry-comparison-commits/,
Football,69,Tommy Eichenberg,"St IgnatiusCleveland, OH",https://www.on3.com/college/ohio-state-buckeyes/football/2023/industry-comparison-commits/,
Football,70,CJ Baxter Jr.,"EdgewaterOrlando, FL",https://www.on3.com/nil/athlete-network/,
Football,71,Jer'Zhan Newton,"Clearwater Central CatholicClearwater, FL",https://www.on3.com/college/illinois-fighting-illini/football/2023/industry-comparison-commits/,
Football,72,DJ Uiagalelei,"St. John BoscoBellflower, CA",https://www.on3.com/college/oregon-state-beavers/football/2023/industry-comparison-commits/,
Football,73,Kingsley Suamataia,"OremOrem, UT",https://www.on3.com/college/byu-cougars/football/2023/industry-comparison-commits/,
Football,74,Kris Jenkins,"Our Lady Good Counsel HSOlney, MD",https://www.on3.com/college/michigan-wolverines/football/2023/industry-comparison-commits/,
Football,75,Jaden Rashada,"PittsburgPittsburg, CA",https://www.on3.com/college/arizo-state-sun-devils/football/2023/industry-comparison-commits/,
Football,76,Thunder Keck,"Northfield, NH",,https://www.on3.com/db/thunder-keck-157539/nil/
Football,77,Kamren Kinchens,"NorthwesternMiami, FL",https://www.on3.com/college/miami-hurricanes/football/2023/industry-comparison-commits/,
Football,78,Cooper Beebe,"PiperKansas City, KS",https://www.on3.com/college/kansas-state-wildcats/football/2023/industry-comparison-commits/,
Football,79,Oronde Gadsden II,"American HeritageFort Lauderdale, FL",https://www.on3.com/nil/athlete-network/,
Football,80,Ja'Tavion Sanders,"RyanDenton, TX",https://www.on3.com/college/texas-longhorns/football/2023/industry-comparison-commits/,
Football,81,Jeremiah Trotter Jr.,"St. Joseph'sPhiladelphia, PA",https://www.on3.com/college/clemson-tigers/football/2023/industry-comparison-commits/,
Football,82,Frank Gore Jr.,"KillianMiami, FL",https://www.on3.com/college/southern-miss-golden-eagles/football/2023/industry-comparison-commits/,
Football,83,Dezz Ricks,"IMG AcademyChesapeake, VA",https://www.on3.com/college/alabama-crimson-tide/football/2023/industry-comparison-commits/,
Football,84,Taulia Tagovailoa,"ThompsonAlabaster, AL",https://www.on3.com/college/maryland-terrapins/football/2023/industry-comparison-commits/,
Football,85,Leonard Taylor,"Miami PalmettoMiami, FL",https://www.on3.com/college/miami-hurricanes/football/2023/industry-comparison-commits/,
Football,86,Chris Braswell,"St. Frances AcademyBaltimore, MD",https://www.on3.com/college/alabama-crimson-tide/football/2023/industry-comparison-commits/,
Football,87,Zak Zinter,"Buckingham Browne & Nichols SchoolNorth Andover, MA",https://www.on3.com/college/michigan-wolverines/football/2023/industry-comparison-commits/,
Football,88,Justin Dedich,"ChaparralTemecula, CA",https://www.on3.com/college/usc-trojans/football/2023/industry-comparison-commits/,
Football,89,Trevor Etienne,"JenningsJennings, LA",https://www.on3.com/college/florida-gators/football/2023/industry-comparison-commits/,
Football,90,Eli Holstein,"ZacharyZachary, LA",https://www.on3.com/college/alabama-crimson-tide/football/2023/industry-comparison-commits/,
Football,91,Adepoju Adebawore,"North Kansas CityKansas City, MO",https://www.on3.com/college/oklahoma-sooners/football/2023/industry-comparison-commits/,
Football,92,Ty'Ron Hopper,"RoswellRoswell, GA",https://www.on3.com/college/missouri-tigers/football/2023/industry-comparison-commits/,
Football,93,Jaheim Bell,"ValdostaValdosta, GA",https://www.on3.com/college/florida-state-seminoles/football/2023/industry-comparison-commits/,
Football,94,Tyler Nubin,"St Charles NorthSaint Charles, IL",https://www.on3.com/college/minnesota-golden-gophers/football/2023/industry-comparison-commits/,
Football,95,Kalen King,"Cass TechnicalDetroit, MI",https://www.on3.com/college/penn-state-nittany-lions/football/2023/industry-comparison-commits/,
Football,96,Johntay Cook II,"DeSotoDeSoto, TX",https://www.on3.com/college/texas-longhorns/football/2023/industry-comparison-commits/,
Football,97,Christopher Vizzina,"Briarwood ChristianBirmingham, AL",https://www.on3.com/college/clemson-tigers/football/2023/industry-comparison-commits/,
Football,98,Mykel Williams,"HardawayColumbus, GA",https://www.on3.com/college/georgia-bulldogs/football/2023/industry-comparison-commits/,
Football,99,Justice Haynes,"BufordRoswell, GA",https://www.on3.com/college/alabama-crimson-tide/football/2023/industry-comparison-commits/,
Football,100,Ashton Gillotte,"Boca RatonBoca Raton, FL",https://www.on3.com/college/louisville-cardils/football/2023/industry-comparison-commits/,
Basketball,1,Hansel Enmanuel,"Life AcademyKissimmee, FL",,https://www.on3.com/db/hansel-enmanuel-150021/nil/
Basketball,2,Shaqir O'Neal,"Union GroveMcDonough, GA",https://www.on3.com/college/texas-southern-tigers/basketball/2023/industry-comparison-commits/,
Basketball,3,Jalen Wilson,"GuyerDenton, TX",https://www.on3.com/college/kansas-jayhawks/basketball/2023/industry-comparison-commits/,
Basketball,4,Trayce Jackson-Davis,"Center GroveGreenwood, IN",https://www.on3.com/college/india-hoosiers/basketball/2023/industry-comparison-commits/,
Basketball,5,Brandon Miller,"Cane RidgeAntioch, TN",https://www.on3.com/college/alabama-crimson-tide/basketball/2023/industry-comparison-commits/,
Basketball,6,Zach Edey,"IMG AcademyBradenton, FL",https://www.on3.com/nil/athlete-network/,
Basketball,7,Adama Sanogo,"The Patrick SchoolCentereach, NY",https://www.on3.com/college/connecticut-huskies/basketball/2023/industry-comparison-commits/,
Basketball,8,Caleb Love,"Christian Brothers CollegeSaint Louis, MO",https://www.on3.com/college/michigan-wolverines/basketball/2023/industry-comparison-commits/,
Basketball,9,Oscar Tshiebwe,"Kennedy CatholicHermitage, PA",,https://www.on3.com/db/oscar-tshiebwe-94665/nil/
Basketball,10,Drew Timme,"PearceRichardson, TX",https://www.on3.com/college/gonzaga-bulldogs/basketball/2023/industry-comparison-commits/,
Basketball,11,Jaime Jaquez,"Adolfo CamarilloCamarillo, CA",https://www.on3.com/college/ucla-bruins/basketball/2023/industry-comparison-commits/,
Basketball,12,Armando Bacot,"IMG AcademyBradenton, FL",https://www.on3.com/college/north-caroli-tar-heels/basketball/2023/industry-comparison-commits/,
Basketball,13,Amari Bailey,"Sierra CanyonChatsworth, CA",https://www.on3.com/college/ucla-bruins/basketball/2023/industry-comparison-commits/,
Basketball,14,Marcus Sasser,"Red OakRed Oak, TX",https://www.on3.com/college/houston-cougars/basketball/2023/industry-comparison-commits/,
Basketball,15,Azuolas Tubelis,LithuaniaVilnius,https://www.on3.com/college/arizo-wildcats/basketball/2023/industry-comparison-commits/,
Basketball,16,Markquis Nowell,"St. PatrickElizabeth, NJ",https://www.on3.com/college/kansas-state-wildcats/basketball/2023/industry-comparison-commits/,
Basketball,17,Emoni Bates,"Ypsi Prep AcademyYpsilanti, MI",https://www.on3.com/college/eastern-michigan-eagles/basketball/2023/industry-comparison-commits/,
Basketball,18,Gradey Dick,"Sunrise ChristianWichita, KS",https://www.on3.com/college/kansas-jayhawks/basketball/2023/industry-comparison-commits/,
Basketball,19,Kyle Filipowski,"Wilbraham & Monson AcademyWilbraham, MA",https://www.on3.com/college/duke-blue-devils/basketball/2023/industry-comparison-commits/,
Basketball,20,Cam Whitmore,"Archbishop SpaldingSevern, MD",https://www.on3.com/college/villanova-wildcats/basketball/2023/industry-comparison-commits/,
Basketball,21,Kris Murray,"DME AcademyDaytona Beach, FL",https://www.on3.com/college/iowa-hawkeyes/basketball/2023/industry-comparison-commits/,
Basketball,22,Jalen Pickett,"SPIRE AcademyRochester, NY",https://www.on3.com/college/penn-state-nittany-lions/basketball/2023/industry-comparison-commits/,
Basketball,23,Tyler Kolek,"St George's SchoolCumberland, RI",,https://www.on3.com/db/tyler-kolek-160203/nil/
Basketball,24,Keyontae Johnson,"Oak HillOak Hill, WV",https://www.on3.com/college/kansas-state-wildcats/basketball/2023/industry-comparison-commits/,
Basketball,25,Tosan Evbuomwan,Royal Grammar SchoolNewcastle Upon Tyne,https://www.on3.com/college/princeton-tigers/basketball/2023/industry-comparison-commits/,
Basketball,26,Anthony Black,"DuncanvilleCoppell, TX",https://www.on3.com/college/arkansas-razorbacks/basketball/2023/industry-comparison-commits/,
Basketball,27,B. Artis-White,"CantonCanton, MI",https://www.on3.com/college/western-michigan-broncos/basketball/2023/industry-comparison-commits/,
Basketball,28,Jahvon Quinerly,"Hudson CatholicJersey City, NJ",https://www.on3.com/college/alabama-crimson-tide/basketball/2023/industry-comparison-commits/,
Basketball,29,Hunter Dickinson,"DeMatha CatholicHyattsville, MD",,https://www.on3.com/db/hunter-dickinson-48425/nil/
Basketball,30,Keyonte George,"IMG AcademyDallas, TX",https://www.on3.com/college/baylor-bears/basketball/2023/industry-comparison-commits/,
Basketball,31,Cason Wallace,"RichardsonRichardson, TX",https://www.on3.com/college/kentucky-wildcats/basketball/2023/industry-comparison-commits/,
Basketball,32,Terrence Shannon,"IMG AcademyBradenton, FL",https://www.on3.com/college/illinois-fighting-illini/basketball/2023/industry-comparison-commits/,
Basketball,33,Noah Farrakhan,"The Patrick SchoolHillside, NJ",,https://www.on3.com/db/noah-farrakhan-93592/nil/
Basketball,34,Nick Smith,"North Little RockSherwood, AR",https://www.on3.com/college/arkansas-razorbacks/basketball/2023/industry-comparison-commits/,
Basketball,35,Mike Miles,"LancasterLancaster, TX",https://www.on3.com/college/tcu-horned-frogs/basketball/2023/industry-comparison-commits/,
Basketball,36,Jordan Hawkins,"DeMatha CatholicHyattsville, MD",https://www.on3.com/college/connecticut-huskies/basketball/2023/industry-comparison-commits/,
Basketball,37,Matthew Cleveland,"Pace AcademyAlpharetta, GA",,https://www.on3.com/db/matthew-cleveland-86016/nil/
Basketball,38,Isaiah Wong,"Monsignor BonnerTrenton, NJ",https://www.on3.com/college/miami-hurricanes/basketball/2023/industry-comparison-commits/,
Basketball,39,Kendric Davis,"Sam HoustonHouston, TX",https://www.on3.com/college/memphis-tigers/basketball/2023/industry-comparison-commits/,
Basketball,40,Jalen Hood-Schifino,"Montverde AcademyMontverde, FL",https://www.on3.com/college/india-hoosiers/basketball/2023/industry-comparison-commits/,
Basketball,41,Jarace Walker,"IMG AcademyBradenton, FL",https://www.on3.com/college/houston-cougars/basketball/2023/industry-comparison-commits/,
Basketball,42,Posh Alexander,"Our Saviour Lutheran SchoolBronx, NY",,https://www.on3.com/db/posh-alexander-96767/nil/
Basketball,43,Skyy Clark,"Montverde AcademyLos Angeles, CA",https://www.on3.com/college/louisville-cardils/basketball/2023/industry-comparison-commits/,
Basketball,44,Zion Harmon,"Marshall CountyBenton, KY",https://www.on3.com/college/bethune-cookman-wildcats/basketball/2023/industry-comparison-commits/,
Basketball,45,Yohan Traore,"Dream City ChristianNapa, CA",,https://www.on3.com/db/yohan-traore-122375/nil/
Basketball,46,Marcus Carr,"Montverde AcademyMontverde, FL",https://www.on3.com/college/texas-longhorns/basketball/2023/industry-comparison-commits/,
Basketball,47,Matt Bradley,"San BernardinoSan Bernardino, CA",https://www.on3.com/college/san-diego-state-aztecs/basketball/2023/industry-comparison-commits/,
Basketball,48,Harrison Ingram,"St. Mark'sDallas, TX",,https://www.on3.com/db/harrison-ingram-144085/nil/
Basketball,49,Tyger Campbell,"La Lumiere SchoolLa Porte, IN",https://www.on3.com/college/ucla-bruins/basketball/2023/industry-comparison-commits/,
Basketball,50,Allen Flanigan,"Parkview MagnetLittle Rock, AR",https://www.on3.com/college/auburn-tigers/basketball/2023/industry-comparison-commits/,
Basketball,51,R.J. Davis,"Archbishop StepinacWhite Plains, NY",https://www.on3.com/college/north-caroli-tar-heels/basketball/2023/industry-comparison-commits/,
Basketball,52,Johnell Davis,"21st Century CharterGary, IN",https://www.on3.com/college/florida-atlantic-owls/basketball/2023/industry-comparison-commits/,
Basketball,53,Grant Nelson,"Devils LakeDevils Lake, ND",https://www.on3.com/college/north-dakota-state-bison/basketball/2023/industry-comparison-commits/,
Basketball,54,Taylor Hendricks,"Calvary Christian AcademyFort Lauderdale, FL",https://www.on3.com/college/ucf-knights/basketball/2023/industry-comparison-commits/,
Basketball,55,GG Jackson,"Ridge ViewColumbia, SC",https://www.on3.com/college/south-caroli-gamecocks/basketball/2023/industry-comparison-commits/,
Basketball,56,Boogie Ellis,"Mission BaySan Diego, CA",https://www.on3.com/college/usc-trojans/basketball/2023/industry-comparison-commits/,
Basketball,57,MJ Rice,"Prolific PrepMouth Of Wilson, VA",,https://www.on3.com/db/mj-rice-90055/nil/
Basketball,58,Brice Sensabaugh,"Lake Highland PrepOrlando, FL",https://www.on3.com/college/ohio-state-buckeyes/basketball/2023/industry-comparison-commits/,
Basketball,59,Jeremy Roach,"Paul VI CatholicFairfax, VA",https://www.on3.com/college/duke-blue-devils/basketball/2023/industry-comparison-commits/,
Basketball,60,Tyson Walker,"New Hampton SchoolNew Hampton, NH",https://www.on3.com/college/michigan-state-spartans/basketball/2023/industry-comparison-commits/,
Basketball,61,Kerr Kriisa,EstoniaTartu,https://www.on3.com/college/west-virginia-mountaineers/basketball/2023/industry-comparison-commits/,
Basketball,62,Bryce Hopkins,"FenwickOak Park, IL",,https://www.on3.com/db/bryce-hopkins-15817/nil/
Basketball,63,Terquavion Smith,"Farmville CentralFarmville, NC",https://www.on3.com/college/nc-state-wolfpack/basketball/2023/industry-comparison-commits/,
Basketball,64,Leaky Black,"Cox MillConcord, NC",https://www.on3.com/college/north-caroli-tar-heels/basketball/2023/industry-comparison-commits/,
Basketball,65,Kobe Brown,"LeeHuntsville, AL",https://www.on3.com/college/missouri-tigers/basketball/2023/industry-comparison-commits/,
Basketball,66,Max Abmas,"JesuitDallas, TX",,https://www.on3.com/db/max-abmas-150058/nil/
Basketball,67,Jett Howard,"IMG AcademyBradenton, FL",https://www.on3.com/college/michigan-wolverines/basketball/2023/industry-comparison-commits/,
Basketball,68,K.D. Johnson,"Hargrave Military Academy (HS)Chatham, VA",,https://www.on3.com/db/kd-johnson-144132/nil/
Basketball,69,Dereck Lively II,"Westtown SchoolBellefonte, PA",https://www.on3.com/college/duke-blue-devils/basketball/2023/industry-comparison-commits/,
Basketball,70,JJ Starling,"La Lumiere SchoolBaldwinsville, NY",https://www.on3.com/college/syracuse-orange/basketball/2023/industry-comparison-commits/,
Basketball,71,Dajuan Harris,"Rock BridgeColumbia, MO",https://www.on3.com/college/kansas-jayhawks/basketball/2023/industry-comparison-commits/,
Basketball,72,Jaylen Clark,"EtiwandaRancho Cucamonga, CA",https://www.on3.com/college/ucla-bruins/basketball/2023/industry-comparison-commits/,
Basketball,73,Wade Taylor,"LancasterLancaster, TX",https://www.on3.com/college/texas-am-aggies/basketball/2023/industry-comparison-commits/,
Basketball,74,Doug Edert,"Bergen CatholicNutley, NJ",https://www.on3.com/college/bryant-bulldogs/basketball/2023/industry-comparison-commits/,
Basketball,75,Julian Strawther,"LibertyHenderson, NV",https://www.on3.com/college/gonzaga-bulldogs/basketball/2023/industry-comparison-commits/,
Basketball,76,Ryan Kalkbrenner,"Trinity CatholicSaint Louis, MO",https://www.on3.com/college/creighton-bluejays/basketball/2023/industry-comparison-commits/,
Basketball,77,Hercy Miller,"Minnehaha AcademyMinneapolis, MN",https://www.on3.com/college/louisville-cardils/basketball/2023/industry-comparison-commits/,
Basketball,78,Nolan Hickman,"Wasatch AcademyMount Pleasant, UT",https://www.on3.com/college/gonzaga-bulldogs/basketball/2023/industry-comparison-commits/,
Basketball,79,Cam'Ron Fletcher,"VashonSaint Louis, MO",https://www.on3.com/college/florida-state-seminoles/basketball/2023/industry-comparison-commits/,
Basketball,80,Davonte Davis,"JacksonvilleJacksonville, AR",https://www.on3.com/college/arkansas-razorbacks/basketball/2023/industry-comparison-commits/,
Basketball,81,Adam Miller,"Morgan Park HSChicago, IL",,https://www.on3.com/db/adam-miller-1263/nil/
Basketball,82,Kobe Bufkin,"Grand Rapids ChristianGrand Rapids, MI",https://www.on3.com/college/michigan-wolverines/basketball/2023/industry-comparison-commits/,
Basketball,83,Santiago Vescovi,NBA Academy Latin AmericaMontevideo,https://www.on3.com/college/tennessee-volunteers/basketball/2023/industry-comparison-commits/,
Basketball,84,Meechie Johnson,"Andrews Osborne AcademyCleveland, OH",https://www.on3.com/college/south-caroli-gamecocks/basketball/2023/industry-comparison-commits/,
Basketball,85,Kevin Miller,"Victory Rock PrepBradenton, FL",https://www.on3.com/college/wake-forest-demon-deacons/basketball/2023/industry-comparison-commits/,
Basketball,86,Jayden Gardner,"HeritageWake Forest, NC",https://www.on3.com/college/virginia-cavaliers/basketball/2023/industry-comparison-commits/,
Basketball,87,Judah Mintz,"Oak Hill AcademyWashington, DC",https://www.on3.com/college/syracuse-orange/basketball/2023/industry-comparison-commits/,
Basketball,88,Noah Clowney,"DormanRoebuck, SC",https://www.on3.com/college/alabama-crimson-tide/basketball/2023/industry-comparison-commits/,
Basketball,89,Alijah Martin,"North PikeSummit, MS",https://www.on3.com/college/florida-atlantic-owls/basketball/2023/industry-comparison-commits/,
Basketball,90,Devan Cambridge,"Hillcrest PrepPhoenix, AZ",,https://www.on3.com/db/devan-cambridge-35756/nil/
Basketball,91,Jordan Miller,"Loudoun ValleyPurcellville, VA",https://www.on3.com/college/miami-hurricanes/basketball/2023/industry-comparison-commits/,
Basketball,92,Nijel Pack,"Lawrence CentralIndianapolis, IN",https://www.on3.com/college/miami-hurricanes/basketball/2023/industry-comparison-commits/,
Basketball,93,Jamarion Sharp,"HopkinsvilleCarterville, IL",,https://www.on3.com/db/jamarion-sharp-55174/nil/
Basketball,94,DaRon Holmes,"Montverde AcademyMontverde, FL",https://www.on3.com/college/dayton-flyers/basketball/2023/industry-comparison-commits/,
Basketball,95,Kowacie Reeves,"WestsideMacon, GA",https://www.on3.com/college/georgia-tech-yellow-jackets/basketball/2023/industry-comparison-commits/,
Basketball,96,Brandon Murray,"IMG AcademyBradenton, FL",https://www.on3.com/college/ole-miss-rebels/basketball/2023/industry-comparison-commits/,
Basketball,97,Jarkel Joiner,"OxfordOxford, MS",https://www.on3.com/college/nc-state-wolfpack/basketball/2023/industry-comparison-commits/,
Basketball,98,DeAndre Williams,"Nation Wide AcademyHouston, TX",https://www.on3.com/college/memphis-tigers/basketball/2023/industry-comparison-commits/,
Basketball,99,Kam Jones,"Evangelical Christian SchoolMemphis, TN",,https://www.on3.com/db/kam-jones-160199/nil/
Basketball,100,Donovan Clingan,"Bristol CentralBristol, CT",https://www.on3.com/college/connecticut-huskies/basketball/2023/industry-comparison-commits/,
Baseball,1,Enrique Bradfield Jr.,"American HeritageHialeah, FL",,https://www.on3.com/db/enrique-bradfield-jr-177879/nil/
Baseball,2,Tre Morgan,"Brother MartinNew Orleans, LA",,https://www.on3.com/db/tre-morgan-175617/nil/
Baseball,3,Cam Thompson,"OwassoOwasso, OK",https://www.on3.com/nil/athlete-network/,
Baseball,4,Gavin Casas,"American HeritageFort Lauderdale, FL",,https://www.on3.com/db/gavin-casas-45366/nil/
Baseball,5,Jackson Nicklaus,"Blue ValleyOverland Park, KS",,https://www.on3.com/db/jackson-nicklaus-174092/nil/
Baseball,6,Jack Payton,"Brother RiceOrland Park, IL",,https://www.on3.com/db/jack-payton-175215/nil/
Baseball,7,Jared Wegner,"KearneyKearney, NE",,https://www.on3.com/db/jared-wegner-177900/nil/
Baseball,8,Cade Brown,"Cathedral CatholicCardiff By The Sea, CA",,https://www.on3.com/db/cade-brown-173786/nil/
Baseball,9,Connor Moore,"Macclenny, FL",,https://www.on3.com/db/connor-moore-177662/nil/
Baseball,10,Benjamin Blackwell,"Riverdale BaptistFairfax, VA",,https://www.on3.com/db/benjamin-blackwell-178396/nil/
Baseball,11,Maui Ahuna,"HiloHilo, HI",,https://www.on3.com/db/maui-ahu-177806/nil/
Baseball,12,Derek Blackmore,"RockhurstKansas City, MO",,https://www.on3.com/db/derek-blackmore-174117/nil/
Baseball,13,Calvin Harris,"Western DubuquePeosta, IA",,https://www.on3.com/db/calvin-harris-167658/nil/
Baseball,14,Carter Holton,"Benedictine Military SchoolGuyton, GA",,https://www.on3.com/db/carter-holton-177869/nil/
Baseball,15,Jack Bulger,"DeMatha CatholicBowie, MD",,https://www.on3.com/db/jack-bulger-177867/nil/
Baseball,16,Hunter Elliott,"TupeloTupelo, MS",,https://www.on3.com/db/hunter-elliott-167651/nil/
Baseball,17,Jack Dougherty,"ColliervilleCollierville, TN",,https://www.on3.com/db/jack-dougherty-167648/nil/
Baseball,18,RJ Austin,"Pace AcademyAtlanta, GA",,https://www.on3.com/db/rj-austin-177865/nil/
Baseball,19,Andrew Walters,"BaysidePalm Bay, FL",,https://www.on3.com/db/andrew-walters-5473/nil/
Baseball,20,Everette Harris,"Charlotte ChristianCharlotte, NC",,https://www.on3.com/db/everette-harris-167044/nil/
Baseball,21,Logan Maxwell,"ShawneeLima, OH",,https://www.on3.com/db/logan-maxwell-175854/nil/
Baseball,22,Kemp Alderman,"Newton County AcademyDecatur, MS",,https://www.on3.com/db/kemp-alderman-167635/nil/
Baseball,23,John Spikerman,"Lake CreekMontgomery, TX",,https://www.on3.com/db/john-spikerman-167815/nil/
Baseball,24,Garrett Wood,"ClaremoreClaremore, OK",,https://www.on3.com/db/garrett-wood-167697/nil/
Baseball,25,Roman Kimball,"P27 Baseball AcademyNew Hartford, NY",,https://www.on3.com/db/roman-kimball-177805/nil/
WomensBasketball,1,Angel Reese,"St. Francis AcademyBaltimore, MD",,https://www.on3.com/db/angel-reese-174581/nil/
WomensBasketball,2,Haley Cavinder,"GilbertGilbert, AZ",,https://www.on3.com/db/haley-cavinder-162403/nil/
WomensBasketball,3,Hanna Cavinder,"GilbertGilbert, AZ",,https://www.on3.com/db/han-cavinder-162398/nil/
WomensBasketball,4,Caitlin Clark,"Dowling CatholicWest Des Moines, IA",,https://www.on3.com/db/caitlin-clark-162402/nil/
WomensBasketball,5,Flau'jae Johnson,"SprayberrySavannah, GA",https://www.on3.com/nil/athlete-network/,
WomensBasketball,6,Paige Bueckers,"Hopkins Hopkins, MN",,https://www.on3.com/db/paige-bueckers-162396/nil/
WomensBasketball,7,Hailey Van Lith,"CashmereWenatchee, WA",,https://www.on3.com/db/hailey-van-lith-162536/nil/
WomensBasketball,8,Mia Mastrov,"MiramonteLafayette, CA",,https://www.on3.com/db/mia-mastrov-163097/nil/
WomensBasketball,9,Deja Kelly,"DuncanvilleSan Antonio, TX",,https://www.on3.com/db/deja-kelly-163250/nil/
WomensBasketball,10,Cameron Brink,"MountainsideBeaverton, OR",,https://www.on3.com/db/cameron-brink-162487/nil/
WomensBasketball,11,Zia Cooke,"RogersToledo, OH",,https://www.on3.com/db/zia-cooke-162490/nil/
WomensBasketball,12,Azzi Fudd,"St Johns CollegeArlington, VA",,https://www.on3.com/db/azzi-fudd-174579/nil/
WomensBasketball,13,Sydney Parrish,"FishersFishers, IN",,https://www.on3.com/db/sydney-parrish-168857/nil/
WomensBasketball,14,Aliyah Boston,Worcester AcademySt. Thomas,,https://www.on3.com/db/aliyah-boston-162395/nil/
WomensBasketball,15,Brea Beal,"Rock IslandRock Island, IL",,https://www.on3.com/db/brea-beal-174212/nil/
WomensBasketball,16,Alexis Morris,"Legacy Christian AcademyBeaumont, TX",,https://www.on3.com/db/alexis-morris-178980/nil/
WomensBasketball,17,Shaylee Gonzales,"MesquiteGilbert, AZ",,https://www.on3.com/db/shaylee-gonzales-174422/nil/
WomensBasketball,18,Anna Camden,"The Shipley SchoolDowningtown, PA",,https://www.on3.com/db/an-camden-174287/nil/
WomensBasketball,19,Jordana Codio,"Montverde AcademyWinter Garden, FL",,https://www.on3.com/db/jorda-codio-163078/nil/
WomensBasketball,20,Rickea Jackson,"Detroit Edison Detroit, MI",,https://www.on3.com/db/rickea-jackson-174595/nil/
WomensBasketball,21,Haley Jones,"Archbishop MittySanta Cruz, CA",,https://www.on3.com/db/haley-jones-162417/nil/
WomensBasketball,22,Kiki Rice,"Sidwell Friends SchoolBethesda, MD",,https://www.on3.com/db/kiki-rice-162864/nil/
WomensBasketball,23,Jasmine Carson,"McEachernMemphis, TN",,https://www.on3.com/db/jasmine-carson-178973/nil/
WomensBasketball,24,Jayda Curry,"CentennialCorona, CA",,https://www.on3.com/db/jayda-curry-163079/nil/
WomensBasketball,25,Mikala Hall,"DanvilleDanville, IL",,https://www.on3.com/db/mikala-hall-174437/nil/
WomensBasketball,26,Raven Johnson,"WestlakeAtlanta, GA",,https://www.on3.com/db/raven-johnson-168881/nil/
WomensBasketball,27,Jalynn Holmes,"Riverdale BaptistUpper Marlboro, MD",,https://www.on3.com/db/jalynn-holmes-174688/nil/
WomensBasketball,28,Janiah Barker,"Montverde AcademyMarietta, GA",,https://www.on3.com/db/janiah-barker-162867/nil/
WomensBasketball,29,Kamilla Cardoso,Hamilton Heights Christian AcademyBrasilia,,https://www.on3.com/db/kamilla-cardoso-168877/nil/
WomensBasketball,30,Kateri Poole,"South ShoreBronx, NY",,https://www.on3.com/db/kateri-poole-178981/nil/
WomensBasketball,31,Chloe Kitts,"DME AcademyOviedo, FL",,https://www.on3.com/db/chloe-kitts-175720/nil/
WomensBasketball,32,Caitlin Bickle,"Cactus Shadows/pshCave Creek, AZ",,https://www.on3.com/db/caitlin-bickle-177916/nil/
WomensBasketball,33,Myra Gordon,"BellFort Worth, TX",,https://www.on3.com/db/myra-gordon-174439/nil/
WomensBasketball,34,Rori Harmon,"Cy CreekHouston, TX",,https://www.on3.com/db/rori-harmon-174423/nil/
WomensBasketball,35,Laeticia Amihere,"King's Christian CollegiateMississauga, ON",,https://www.on3.com/db/laeticia-amihere-168875/nil/
WomensBasketball,36,Shay Holle,"WestlakeAustin, TX",,https://www.on3.com/db/shay-holle-174425/nil/
WomensBasketball,37,Bree Hall,"WayneDayton, OH",,https://www.on3.com/db/bree-hall-168880/nil/
WomensBasketball,38,Aaliyah Edwards,"Crestwood PrepKingston, ON",,https://www.on3.com/db/aaliyah-edwards-179445/nil/
WomensBasketball,39,Paris Clark,"Long Island LutheranBronx, NY",,https://www.on3.com/db/paris-clark-162990/nil/
WomensBasketball,40,Ashley Owusu,"Paul VI CatholicWoodbridge, VA",,https://www.on3.com/db/ashley-owusu-162472/nil/
WomensBasketball,41,Olivia Miles,"Blair AcademyPhillipsburg, NJ",,https://www.on3.com/db/olivia-miles-174578/nil/
WomensBasketball,42,Ashlyn Watkins,"Cardinal Newman SchoolColumbia, SC",,https://www.on3.com/db/ashlyn-watkins-162980/nil/
WomensBasketball,43,Ta'Niya Laston,"American HeritagePlantation, FL",,https://www.on3.com/db/taniya-laston-162982/nil/
WomensBasketball,44,Chrissy Carr,"ManhattanEden Prairie, MN",,https://www.on3.com/db/chrissy-carr-174443/nil/
WomensBasketball,45,Caroline Ducharme,"Noble And Greenough SchoolMilton, MA",,https://www.on3.com/db/caroline-ducharme-178261/nil/
WomensBasketball,46,Blair Green,"HarlanHarlan, KY",,https://www.on3.com/db/blair-green-163014/nil/
WomensBasketball,47,Amani Bartlett,"Houston ChristianCleveland, TX",,https://www.on3.com/db/amani-bartlett-178979/nil/
WomensBasketball,48,Payton Verhulst,"Bishop MiegeDe Soto, KS",,https://www.on3.com/db/payton-verhulst-177764/nil/
WomensBasketball,49,Sara Scalia,"Stillwater SeniorStillwater, MN",,https://www.on3.com/db/sara-scalia-176833/nil/
WomensBasketball,50,Aubrey Griffin,"OssiningOssining, NY",,https://www.on3.com/db/aubrey-griffin-178870/nil/
WomensBasketball,51,Kylie Feuerbach,"SycamoreSycamore, IL",,https://www.on3.com/db/kylie-feuerbach-168762/nil/
WomensBasketball,52,Tamari Key,"CaryCary, NC",,https://www.on3.com/db/tamari-key-163378/nil/
WomensBasketball,53,Ana Llanusa,"ChoctawChoctaw, OK",,https://www.on3.com/db/a-llanusa-168841/nil/
WomensBasketball,54,Gabbie Marshall,"Mount Notre DameCincinnati, OH",,https://www.on3.com/db/gabbie-marshall-168765/nil/
WomensBasketball,55,Victaria Saxton,"Model 9-12Rome, GA",,https://www.on3.com/db/victaria-saxton-168882/nil/
WomensBasketball,56,Jordan Horston,"Columbus Africentric Early CollegeColumbus, OH",,https://www.on3.com/db/jordan-horston-174591/nil/
WomensBasketball,57,Jacy Sheldon,"Dublin CoffmanDublin, OH",,https://www.on3.com/db/jacy-sheldon-174588/nil/
WomensBasketball,58,Ayanna Patterson,"HomesteadFort Wayne, IN",,https://www.on3.com/db/ayan-patterson-162869/nil/
WomensBasketball,59,Ahlana Smith,"Mallard CreekCharlotte, NC",,https://www.on3.com/db/ahla-smith-178503/nil/
WomensBasketball,60,Olivia Thompson,"Lexington Lexington, SC",,https://www.on3.com/db/olivia-thompson-168883/nil/
WomensBasketball,61,Aaliyah Moore,"MooreMooreland, OK",,https://www.on3.com/db/aaliyah-moore-174430/nil/
WomensBasketball,62,Madi Williams,"Trinity Valley SchoolFort Worth, TX",,https://www.on3.com/db/madi-williams-168851/nil/
WomensBasketball,63,Jersey Wolfenbarger,"NorthsideFort Smith, AR",,https://www.on3.com/db/jersey-wolfenbarger-177334/nil/
WomensBasketball,64,Elauna Eaton,"NettletonHelena, AR",,https://www.on3.com/db/elau-eaton-168792/nil/
WomensBasketball,65,Maya Nnaji,"Hopkins Hopkins, MN",,https://www.on3.com/db/maya-nji-162964/nil/
WomensBasketball,66,Saniya Rivers,"Eugene AshleyWilmington, NC",,https://www.on3.com/db/saniya-rivers-163398/nil/
WomensBasketball,67,Ladazhia Williams,"Lakewood RanchBradenton, FL",,https://www.on3.com/db/ladazhia-williams-178972/nil/
WomensBasketball,68,Sania Feagin,"Forest ParkEllenwood, GA",,https://www.on3.com/db/sania-feagin-168878/nil/
WomensBasketball,69,Gabriela Jaquez,"Camarillo (Adolfo) HSCamarillo, CA",,https://www.on3.com/db/gabriela-jaquez-162988/nil/
WomensBasketball,70,Dominique Onu,"Blair AcademyJacksonville, FL",,https://www.on3.com/db/dominique-onu-163088/nil/
WomensBasketball,71,Justine Pissott,"Red Bank CatholicToms River, NJ",,https://www.on3.com/db/justine-pissott-162973/nil/
WomensBasketball,72,Mackenzie Holmes,"GorhamGorham, ME",,https://www.on3.com/db/mackenzie-holmes-179077/nil/
WomensBasketball,73,Amina Muhammad,"DeSotoDeSoto, TX",,https://www.on3.com/db/ami-muhammad-174427/nil/
WomensBasketball,74,Grace VanSlooten,"IMG AcademyToledo, OH",,https://www.on3.com/db/grace-vanslooten-162981/nil/
WomensBasketball,75,Alexia Mobley,"ReynoldsburgReynoldsburg, OH",,https://www.on3.com/db/alexia-mobley-174440/nil/
WomensBasketball,76,Cotie McMahon,"CentervilleCenterville, OH",,https://www.on3.com/db/cotie-mcmahon-162992/nil/
WomensBasketball,77,Talaysia Cooper,"East Clarendon HiTurbeville, SC",,https://www.on3.com/db/talaysia-cooper-162987/nil/
WomensBasketball,78,Chance Gray,"Winton WoodsCincinnati, OH",,https://www.on3.com/db/chance-gray-162886/nil/
WomensBasketball,79,Myah Taylor,"Olive BranchOlive Branch, MS",,https://www.on3.com/db/myah-taylor-168807/nil/
WomensBasketball,80,Jakia Brown-Turner,"Bishop McNamaraOxon Hill, MD",,https://www.on3.com/db/jakia-brown-turner-163387/nil/
WomensBasketball,81,Sasha Goforth,"FayettevilleFayetteville, AR",,https://www.on3.com/db/sasha-goforth-177326/nil/
WomensBasketball,82,Tess Darby,"Greenfield SchoolGreenfield, TN",,https://www.on3.com/db/tess-darby-179038/nil/
WomensBasketball,83,Ndjakalenga Mwenentanda,"Washington HighSioux Falls, SD",,https://www.on3.com/db/ndjakalenga-mwenentanda-174431/nil/
WomensBasketball,84,Jerkaila Jordan,"John CurtisNew Orleans, LA",,https://www.on3.com/db/jerkaila-jordan-168686/nil/
WomensBasketball,85,Angel Baker,"PikeIndianapolis, IN",,https://www.on3.com/db/angel-baker-168785/nil/
WomensBasketball,86,Monika Czinano,"Watertown MayerWatertown, MN",,https://www.on3.com/db/monika-czino-168760/nil/
WomensBasketball,87,Alexis Markowski,"Pius XLincoln, NE",,https://www.on3.com/db/alexis-markowski-177943/nil/
WomensBasketball,88,Taylor Mikesell,"JacksonMassillon, OH",,https://www.on3.com/db/taylor-mikesell-178988/nil/
WomensBasketball,89,Deyona Gaston,"PearlandPearland, TX",,https://www.on3.com/db/deyo-gaston-174424/nil/
WomensBasketball,90,Jordan Walker,"Mona ShoresMuskegon, MI",,https://www.on3.com/db/jordan-walker-163381/nil/
WomensBasketball,91,Emily Bessoir,Wilhelm-Hausenstein-Gymnasium MünchenMunich,,https://www.on3.com/db/emily-bessoir-168697/nil/
WomensBasketball,92,Grace Berger,"Sacred Heart AcademyLouisville, KY",,https://www.on3.com/db/grace-berger-174593/nil/
WomensBasketball,93,Mya Perry,"ReynoldsburgReynoldsburg, OH",,https://www.on3.com/db/mya-perry-178985/nil/
WomensBasketball,94,Marley Washenitz,"FairmontFairmont, WV",,https://www.on3.com/db/marley-washenitz-163147/nil/
WomensBasketball,95,Lexi Donarski,"St. Thomas Aquinas AcademyLa Crosse, WI",,https://www.on3.com/db/lexi-dorski-168440/nil/
WomensBasketball,96,Mikayla Boykin,"ClintonClinton, NC",,https://www.on3.com/db/mikayla-boykin-174442/nil/
WomensBasketball,97,Lauren Betts,"GrandviewAurora, CO",,https://www.on3.com/db/lauren-betts-162862/nil/
WomensBasketball,98,Brianna Turnage,"WestlakeAtlanta, GA",,https://www.on3.com/db/brian-turge-175430/nil/
WomensBasketball,99,Diamond Johnson,"Neumann GorettiPhiladelphia, PA",,https://www.on3.com/db/diamond-johnson-163385/nil/
WomensBasketball,100,Nyla Harris,"Lake Highland PrepWindermere, FL",,https://www.on3.com/db/nyla-harris-162861/nil/
Volleyball,1,Alexa Hendricks,"AssumptionLouisville, KY",,https://www.on3.com/db/alexa-hendricks-163950/nil/
Volleyball,2,Julia Bergmann,AmploMunich,,https://www.on3.com/db/julia-bergmann-162416/nil/
Volleyball,3,Logan Eggleston,"BrentwoodBrentwood, TN",,https://www.on3.com/db/logan-eggleston-162410/nil/
Volleyball,4,Brooke Nuneviller,"Corona Del SolChandler, AZ",,https://www.on3.com/db/brooke-nuneviller-162414/nil/
Volleyball,5,Nicklin Hames,"Webb School of KnoxvilleMaryville, TN",,https://www.on3.com/db/nicklin-hames-162408/nil/
Volleyball,6,Lexi Rodriguez,"SterlingSterling, IL",,https://www.on3.com/db/lexi-rodriguez-175960/nil/
Volleyball,7,Kenzie Knuckles,"YorktownYorktown, IN",,https://www.on3.com/db/kenzie-knuckles-176417/nil/
Volleyball,8,Liz Gregorski,"XavierAppleton, WI",,https://www.on3.com/db/liz-gregorski-174689/nil/
Volleyball,9,Devyn Robinson,"Ankeny CentennialAnkeny, IA",,https://www.on3.com/db/devyn-robinson-174982/nil/
Volleyball,10,Ally Batenhorst,"Seven LakesHouston, TX",,https://www.on3.com/db/ally-batenhorst-175956/nil/
Volleyball,11,Madi Skinner,"Faith West AcademyKaty, TX",,https://www.on3.com/db/madi-skinner-162424/nil/
Volleyball,12,Madi Kubik,"ValleyWest Des Moines, IA",,https://www.on3.com/db/madi-kubik-162430/nil/
Volleyball,13,Claire Chaussee,"Sun PrairieSun Prairie, WI",,https://www.on3.com/db/claire-chaussee-174955/nil/
Volleyball,14,Anna Smrek,"Notre Dame College PrepWelland, ON",,https://www.on3.com/db/an-smrek-162426/nil/
Volleyball,15,Skye Ekes,"Cardinal MooneySarasota, FL",,https://www.on3.com/db/skye-ekes-164534/nil/
Volleyball,16,Kayla Caffey,"Mother Mcauley Liberal ArtsChicago, IL",,https://www.on3.com/db/kayla-caffey-162413/nil/
Volleyball,17,Anna DeBeer,"AssumptionLouisville, KY",,https://www.on3.com/db/an-debeer-162421/nil/
Volleyball,18,Aźyah Dailey,"Port CharlottePort Charlotte, FL",,https://www.on3.com/db/ayah-dailey-164442/nil/
Volleyball,19,Harper Murray,"SkylineAnn Arbor, MI",,https://www.on3.com/db/harper-murray-176039/nil/
Volleyball,20,Lindsay Krause,"Skutt CatholicOmaha, NE",,https://www.on3.com/db/lindsay-krause-175959/nil/
Volleyball,21,Danielle Hart,"Ocean LakesVirginia Beach, VA",,https://www.on3.com/db/danielle-hart-162431/nil/
Volleyball,22,Maggie Mendelson,"FremontOgden, UT",,https://www.on3.com/db/maggie-mendelson-176018/nil/
Volleyball,23,Whitney Lauenstein,"WaverlyWaverly, NE",,https://www.on3.com/db/whitney-lauenstein-176013/nil/
Volleyball,24,Skylar Fields,"Ridge PointMissouri City, TX",,https://www.on3.com/db/skylar-fields-162418/nil/
Volleyball,25,Maisie Boesiger,"NorrisFirth, NE",,https://www.on3.com/db/maisie-boesiger-176017/nil/
Volleyball,26,Kennedi Orr,"Eagan SeniorEagan, MN",,https://www.on3.com/db/kennedi-orr-176012/nil/
Volleyball,27,Julianna Dalton,"ChaparralParker, CO",,https://www.on3.com/db/julian-dalton-163145/nil/
Volleyball,28,Sasha Ratliff,"Pace AcademyAtlanta, GA",,https://www.on3.com/db/sasha-ratliff-165157/nil/
Volleyball,29,Rylee Rader,"AssumptionLouisville, KY",,https://www.on3.com/db/rylee-rader-162434/nil/
Volleyball,30,Mac Podraza,"Big WalnutSunbury, OH",,https://www.on3.com/db/mac-podraza-162433/nil/
Volleyball,31,Merritt Beason,"GardendaleGardendale, AL",,https://www.on3.com/db/merritt-beason-175961/nil/
Volleyball,32,Kaitlyn Hord,"Henry ClayLexington, KY",,https://www.on3.com/db/kaitlyn-hord-162425/nil/
Volleyball,33,Annika Larson-Nummer,"Rocky MountainWindsor, CO",,https://www.on3.com/db/annika-larson-nummer-163027/nil/
Volleyball,34,Bekka Allick,"WaverlyLincoln, NE",,https://www.on3.com/db/bekka-allick-176014/nil/
Volleyball,35,Sarah Franklin,"Lake Worth Christian SchoolLake Worth, FL",,https://www.on3.com/db/sarah-franklin-174981/nil/
Volleyball,36,Hayden Kubik,"ValleyWest Des Moines, IA",,https://www.on3.com/db/hayden-kubik-176015/nil/
Volleyball,37,Bergen Reilly,"O'gormanSioux Falls, SD",,https://www.on3.com/db/bergen-reilly-176052/nil/
Volleyball,38,Laney Choboy,"Leesville RoadRaleigh, NC",,https://www.on3.com/db/laney-choboy-176048/nil/
Volleyball,39,Caroline Jurevicius,"Notre Dame-Cathedral Latin SchoolChardon, OH",,https://www.on3.com/db/caroline-jurevicius-176040/nil/
Volleyball,40,Taylor Landfair,"PlainfieldPlainfield, IL",,https://www.on3.com/db/taylor-landfair-162423/nil/
Volleyball,41,Amaya Tillman,"Shawnee HeightsTopeka, KS",,https://www.on3.com/db/amaya-tillman-174958/nil/
Volleyball,42,Andi Jackson,"BrightonBrighton, CO",,https://www.on3.com/db/andi-jackson-176038/nil/
Volleyball,43,Elle Hillers,"Curtis SeniorSilverdale, WA",,https://www.on3.com/db/elle-hillers-176784/nil/
Volleyball,44,Caroline Bien,"St. Thomas AquinasOverland Park, KS",,https://www.on3.com/db/caroline-bien-175459/nil/
Volleyball,45,Hannah Hogue,"SouthsideFort Smith, AR",,https://www.on3.com/db/hanh-hogue-163949/nil/
Volleyball,46,Jazz Schmidt,"ChaparralRaleigh, NC",,https://www.on3.com/db/jazz-schmidt-164359/nil/
Volleyball,47,Eva Hudson,"Bishop DwengerFort Wayne, IN",,https://www.on3.com/db/eva-hudson-162420/nil/
Volleyball,48,Alex Glover,"MagnoliaMagnolia, TX",,https://www.on3.com/db/alex-glover-164831/nil/
Volleyball,49,Rachel Tullos,"GuyerDenton, TX",,https://www.on3.com/db/rachel-tullos-174899/nil/
Volleyball,50,Kellen Morin,"HickoryHickory, NC",,https://www.on3.com/db/kellen-morin-174911/nil/
Volleyball,51,Kate Georgiades,"College StationCollege Station, TX",,https://www.on3.com/db/kate-georgiades-174905/nil/
Volleyball,52,Barakat Rahmon,"TartanOakdale, MN",,https://www.on3.com/db/barakat-rahmon-174901/nil/
Volleyball,53,Aliyah Carter,"Wahlert CatholicDubuque, IA",,https://www.on3.com/db/aliyah-carter-179280/nil/
Volleyball,54,Annie Cooke,"The WoodlandsThe Woodlands, TX",,https://www.on3.com/db/annie-cooke-174907/nil/
Volleyball,55,Alana Torres-Rivera,"Glenda Dawson HSPearland, TX",,https://www.on3.com/db/ala-torres-rivera-174889/nil/
Volleyball,56,Morgan Janda,"Seven LakesKaty, TX",,https://www.on3.com/db/morgan-janda-174888/nil/
Volleyball,57,Carly Graham,"Oak RidgeSpring, TX",,https://www.on3.com/db/carly-graham-173790/nil/
Volleyball,58,Megan Skovsende,"Skutt CatholicOmaha, NE",,https://www.on3.com/db/megan-skovsende-164361/nil/
Volleyball,59,Cailey Dockery,"MurphyMurphy, NC",,https://www.on3.com/db/cailey-dockery-174404/nil/
Volleyball,60,Kennedi Bray,"McNeilAustin, TX",,https://www.on3.com/db/kennedi-bray-174908/nil/
Volleyball,61,Ella Wendel,"HendricksonPflugerville, TX",,https://www.on3.com/db/ella-wendel-174902/nil/
Volleyball,62,Bryshanna Brown,"O'ConnorHelotes, TX",,https://www.on3.com/db/bryshan-brown-174890/nil/
Volleyball,63,Keeley Davis,"Rock CanyonHighlands Ranch, CO",,https://www.on3.com/db/keeley-davis-164354/nil/
Volleyball,64,Morgan Colangelo,"Blue Valley WestOverland Park, KS",,https://www.on3.com/db/morgan-colangelo-165098/nil/
Volleyball,65,Ellie Bolton,"St. James AcademyShawnee, KS",,https://www.on3.com/db/ellie-bolton-164348/nil/
Volleyball,66,Sky McCune,"GretnaGretna, NE",,https://www.on3.com/db/sky-mccune-164351/nil/
Volleyball,67,Natalie Foster,"MattawanMattawan, MI",,https://www.on3.com/db/talie-foster-174634/nil/
Volleyball,68,Kendra Wait,"Gardner EdgertonGardner, KS",,https://www.on3.com/db/kendra-wait-165384/nil/
Volleyball,69,Norah Sis,"Papillion-La VistaPapillion, NE",,https://www.on3.com/db/norah-sis-164349/nil/
Volleyball,70,Jaela Zimmerman,"MalcolmLincoln, NE",,https://www.on3.com/db/jaela-zimmerman-164356/nil/
Volleyball,71,Emily Bressman,"Marian High SchoolOmaha, NE",,https://www.on3.com/db/emily-bressman-165385/nil/
Volleyball,72,Madi Cole,"MagnoliaMagnolia, TX",,https://www.on3.com/db/madi-cole-163036/nil/
Volleyball,73,Payton Brgoch,"Denver LutheranParker, CO",,https://www.on3.com/db/payton-brgoch-165135/nil/
Volleyball,74,Allison Whitten,"HillcrestSimpsonville, SC",,https://www.on3.com/db/allison-whitten-165386/nil/
Volleyball,75,Bethany Clapp,"Tuloso-midwayCorpus Christi, TX",,https://www.on3.com/db/bethany-clapp-164360/nil/
Volleyball,76,Katie Maser,"Central CatholicGrand Island, NE",,https://www.on3.com/db/katie-maser-165383/nil/
Volleyball,77,Kiana Schmitt,"WaunakeeWaunakee, WI",,https://www.on3.com/db/kia-schmitt-164358/nil/
Volleyball,78,Maddie Anderson,"Palm Beach GardensPalm Beach Gardens, FL",,https://www.on3.com/db/maddie-anderson-177772/nil/
Volleyball,79,Isabel Theut,"ColumbusColumbus, TX",,https://www.on3.com/db/isabel-theut-174896/nil/
Volleyball,80,Anna Wolf,"River FallsRiver Falls, WI",,https://www.on3.com/db/an-wolf-174904/nil/
Volleyball,81,Kennedy Warren,"PeasterWeatherford, TX",,https://www.on3.com/db/kennedy-warren-174891/nil/
Volleyball,82,Jillian Thompson,"Lake MaryOrlando, FL",,https://www.on3.com/db/jillian-thompson-174900/nil/
Volleyball,83,Kortlyn Henderson,"UniversityWaco, TX",,https://www.on3.com/db/kortlyn-henderson-174897/nil/
Volleyball,84,Abbie Jackson,"Charles Wright AcademyGig Harbor, WA",,https://www.on3.com/db/abbie-jackson-174910/nil/
Gymnastics,1,Livvy Dunne,"Pascack ValleyWestwood, NJ",,https://www.on3.com/db/livvy-dunne-162353/nil/
Gymnastics,2,Sunisa Lee,"South St. PaulSaint Paul, MN",,https://www.on3.com/db/sunisa-lee-162364/nil/
Gymnastics,3,Jordan Chiles,"PrairieVancouver, WA",,https://www.on3.com/db/jordan-chiles-162778/nil/
Gymnastics,4,Jade Carey,"Mountain RidgePhoenix, AZ",,https://www.on3.com/db/jade-carey-162394/nil/
Gymnastics,5,Grace McCallum,"Minnesota Connections AcademyIsanti, MN",,https://www.on3.com/db/grace-mccallum-162435/nil/
Gymnastics,6,Ragan Smith,"AdirondackDallas, TX",,https://www.on3.com/db/ragan-smith-162483/nil/
Gymnastics,7,Trinity Thomas,"Commonwealth AcademyYork, PA",,https://www.on3.com/db/trinity-thomas-162399/nil/
Gymnastics,8,Norah Flatley,"Iowa Connections AcademyDes Moines, IA",,https://www.on3.com/db/norah-flatley-177342/nil/
Gymnastics,9,Sage Thompson,"SkyridgeLehi, UT",,https://www.on3.com/db/sage-thompson-163193/nil/
Gymnastics,10,Haleigh Bryant,"William Amos HoughCornelius, NC",,https://www.on3.com/db/haleigh-bryant-162429/nil/
Gymnastics,11,Leanne Wong,"Blue ValleyOverland Park, KS",,https://www.on3.com/db/leanne-wong-162415/nil/
Gymnastics,12,Sierra Brooks,"Oswego EastPlainfield, IL",,https://www.on3.com/db/sierra-brooks-162412/nil/
Gymnastics,13,Kara Eaker,"Grain ValleyGrain Valley, MO",,https://www.on3.com/db/kara-eaker-163175/nil/
Gymnastics,14,Leah Clapper,"SalineAnn Arbor, MI",,https://www.on3.com/db/leah-clapper-162492/nil/
Gymnastics,15,Nya Reed,"Fairmont HeightsGlenarden, MD",,https://www.on3.com/db/nya-reed-162482/nil/
Gymnastics,16,Emma Kelley,"Fun & Fitness GymnasticsHouston, TX",,https://www.on3.com/db/emma-kelley-177355/nil/
Gymnastics,17,Jordan Bowers,"SouthwestLincoln, NE",,https://www.on3.com/db/jordan-bowers-166388/nil/
Gymnastics,18,Derrian Gobourne,"ManateeSarasota, FL",,https://www.on3.com/db/derrian-gobourne-162443/nil/
Gymnastics,19,Abby Paulson,"Anoka SeniorAnoka, MN",,https://www.on3.com/db/abby-paulson-163189/nil/
Gymnastics,20,Rachel Baumann,"Spring Creek AcademyPlano, TX",,https://www.on3.com/db/rachel-baumann-166314/nil/
Gymnastics,21,Sierra Ballard,"MandevilleMandeville, LA",,https://www.on3.com/db/sierra-ballard-175260/nil/
Gymnastics,22,Audrey Davis,"Lebanon TrailFrisco, TX",,https://www.on3.com/db/audrey-davis-162470/nil/
Gymnastics,23,Sophia Groth,"ValleyWest Des Moines, IA",,https://www.on3.com/db/sophia-groth-162502/nil/
Gymnastics,24,Gabby Wilson,"SkylineYpsilanti, MI",,https://www.on3.com/db/gabby-wilson-162447/nil/
Gymnastics,25,Mya Hooten,"ChanhassenCottage Grove, MN",,https://www.on3.com/db/mya-hooten-162452/nil/
Gymnastics,26,Abby Heiskell,"Marvin RidgeCharlotte, NC",,https://www.on3.com/db/abby-heiskell-162409/nil/
Gymnastics,27,Kennedy Hambrick,"Pearland HSHouston, TX",,https://www.on3.com/db/kennedy-hambrick-177350/nil/
Gymnastics,28,Danae Fletcher,"Reach Cyber Charter SchoolPhiladelphia, PA",,https://www.on3.com/db/dae-fletcher-166389/nil/
Gymnastics,29,Leah Smith,"World Champions CentreHouston, TX",,https://www.on3.com/db/leah-smith-177362/nil/
Gymnastics,30,Cristal Isa,"Green ValleyHenderson, NV",,https://www.on3.com/db/cristal-isa-162489/nil/
Gymnastics,31,Abby Brenner,"Spring Creek AcademyMaple Grove, MN",,https://www.on3.com/db/abby-brenner-163174/nil/
Gymnastics,32,Bri Edwards,"NavarreNavarre, FL",,https://www.on3.com/db/bri-edwards-166318/nil/
Gymnastics,33,Bailey Lovett,"Kristie Phillips Athletic CenterGreensboro, NC",,https://www.on3.com/db/bailey-lovett-177356/nil/
Gymnastics,34,Raena Worley,"Home SchoolChristiansburg, VA",,https://www.on3.com/db/rae-worley-162428/nil/
Gymnastics,35,Jaylene Gilstrap,"Texas Connections AcademyMcKinney, TX",,https://www.on3.com/db/jaylene-gilstrap-163182/nil/
Gymnastics,36,Madison Hickey,"DeKalb-Sycamore Co-opSycamore, IL",,https://www.on3.com/db/madison-hickey-177351/nil/
Gymnastics,37,Makenna Smith,"Rio Rancho Cyber AcademyAlbuquerque, NM",,https://www.on3.com/db/maken-smith-163192/nil/
Gymnastics,38,Ali Sonier,"HamiltonSussex, WI",,https://www.on3.com/db/ali-sonier-176032/nil/
Gymnastics,39,Maddie Jones,"Southeastern GymnasticsCharlotte, NC",,https://www.on3.com/db/maddie-jones-177354/nil/
Gymnastics,40,Kiara Gianfagna,"BrownsburgBrownsburg, IN",,https://www.on3.com/db/kiara-gianfag-177344/nil/
Gymnastics,41,Jillian Hoffman,"Vista MurrietaMurrieta, CA",,https://www.on3.com/db/jillian-hoffman-163185/nil/
Gymnastics,42,Jaedyn Rucker,"Desert RidgeMesa, AZ",,https://www.on3.com/db/jaedyn-rucker-163190/nil/
Gymnastics,43,Alani Sabado,"Apex Learning Virtual SchoolTemecula, CA",,https://www.on3.com/db/alani-sabado-163191/nil/
Gymnastics,44,Maile O'Keefe,"Odyssey CharterLas Vegas, NV",,https://www.on3.com/db/maile-okeefe-162478/nil/
Gymnastics,45,Jocelyn Moore,"HillsboroughHillsborough, NJ",,https://www.on3.com/db/jocelyn-moore-162464/nil/
Gymnastics,46,Olivia Weir,"Garnet ValleyGlen Mills, PA",,https://www.on3.com/db/olivia-weir-178260/nil/
Gymnastics,47,Sarah Krump,"Odyssey CharterLas Vegas, NV",,https://www.on3.com/db/sarah-krump-163187/nil/
Gymnastics,48,Lauren Letzsch,"Colorado Connections AcademyGolden, CO",,https://www.on3.com/db/lauren-letzsch-175448/nil/
Gymnastics,49,Emily Leese,"Pa Learners Online Regional Cyber CsLancaster, PA",,https://www.on3.com/db/emily-leese-174126/nil/
Gymnastics,50,Reese Drotar,"Los GatosLos Gatos, CA",,https://www.on3.com/db/reese-drotar-177341/nil/
Gymnastics,51,Makenzie Sedlacek,"Midwest Elite Gymnastics AcademyWest Chicago, IL",,https://www.on3.com/db/makenzie-sedlacek-177361/nil/
Gymnastics,52,Frankie Price,"Texas Dreams GymnasticsDallas, TX",,https://www.on3.com/db/frankie-price-177359/nil/
Gymnastics,53,Jaime Pratt,"Hanover GymnasticsHanover, PA",,https://www.on3.com/db/jaime-pratt-177358/nil/
Gymnastics,54,Lauren Williams,"Aspire GymnasticsRogers, AR",,https://www.on3.com/db/lauren-williams-177365/nil/
Gymnastics,55,Cally Swaney,"First in FlightBelmont, NC",,https://www.on3.com/db/cally-swaney-177363/nil/
Gymnastics,56,Lori Brubach,"Lake BrantleyApopka, FL",,https://www.on3.com/db/lori-brubach-166316/nil/
Gymnastics,57,Kalyxta Gamiao,"The Potter's SchoolHonolulu, HI",,https://www.on3.com/db/kalyxta-gamiao-177343/nil/
Gymnastics,58,Cami Weaver,"Legacy GymnasticsPelham, AL",,https://www.on3.com/db/cami-weaver-177364/nil/
MensLacrosse,1,Mitchell Pehlke,"RiversideLeesburg, VA",,https://www.on3.com/db/mitchell-pehlke-163224/nil/
MensLacrosse,2,Connor Shellenberger,"St. Anne's-Belfield SchoolCharlottesville, VA",,https://www.on3.com/db/connor-shellenberger-177385/nil/
MensLacrosse,3,Brett Makar,"YorktownYorktown Heights, NY",,https://www.on3.com/db/brett-makar-175277/nil/
MensLacrosse,4,Daniel Maltz,"RiversideAshburn, VA",,https://www.on3.com/db/daniel-maltz-175287/nil/
MensLacrosse,5,John Geppert,"Landon SchoolWashington, DC",,https://www.on3.com/db/john-geppert-175281/nil/
MensLacrosse,6,Jack Koras,"Loyola BlakefieldLutherville Timonium, MD",,https://www.on3.com/db/jack-koras-175290/nil/
MensLacrosse,7,King Ripley,"St Mary S RykenAnnapolis, MD",,https://www.on3.com/db/king-ripley-175306/nil/
MensLacrosse,8,Ryan Siracusa,"CentennialAlpharetta, GA",,https://www.on3.com/db/ryan-siracusa-175280/nil/
MensLacrosse,9,Chase Cope,"Severna Park SrSeverna Park, MD",,https://www.on3.com/db/chase-cope-175305/nil/
MensLacrosse,10,Graham Bundy Jr.,"Mary Institute & St Louis Country Day Saint Louis, MO",,https://www.on3.com/db/graham-bundy-jr-174134/nil/
MensLacrosse,11,Eric Spanos,"Malvern PrepPottstown, PA",,https://www.on3.com/db/eric-spanos-175279/nil/
MensLacrosse,12,Joshua Coffman Coffman,"Severna Park SrSeverna Park, MD",,https://www.on3.com/db/joshua-coffman-coffman-175303/nil/
MensLacrosse,13,Charlie Koras,"Loyola BlakefieldLutherville Timonium, MD",,https://www.on3.com/db/charlie-koras-175284/nil/
MensLacrosse,14,Daniel Kelly,"Calvert Hall CollegeTowson, MD",,https://www.on3.com/db/daniel-kelly-175282/nil/
MensLacrosse,15,Grayson Sallade,"Manheim TownshipLancaster, PA",,https://www.on3.com/db/grayson-sallade-177384/nil/
MensLacrosse,16,Kevin Tucker,"Loyola BlakefieldEllicott City, MD",,https://www.on3.com/db/kevin-tucker-175278/nil/
MensLacrosse,17,Alex Wicks,"Lake Shore Christian AcademyPasadena, MD",,https://www.on3.com/db/alex-wicks-175286/nil/
MensLacrosse,18,Michael Roche,"North AndoverNorth Andover, MA",,https://www.on3.com/db/michael-roche-175289/nil/
MensLacrosse,19,Will Bowen,"Boston CollegeCohasset, MA",,https://www.on3.com/db/will-bowen-174156/nil/
MensLacrosse,20,Colin Burlace,"St Mary S RykenEdgewater, MD",,https://www.on3.com/db/colin-burlace-175292/nil/
MensLacrosse,21,Jack McDonald,"South SideRockville Centre, NY",,https://www.on3.com/db/jack-mcdold-175285/nil/
MensLacrosse,22,Connor Thierault,"Northfield Mount HermonGILL, MA",,https://www.on3.com/db/connor-thierault-174155/nil/
WomensLacrosse,1,Belle Smith,"Westhampton Beach SeniorWesthampton Beach, NY",,https://www.on3.com/db/belle-smith-162474/nil/
WomensLacrosse,2,Danielle Pavinelli,"Northport SeniorNorthport, NY",,https://www.on3.com/db/danielle-pavinelli-162476/nil/
WomensLacrosse,3,Abby Bosco,"Suffern SeniorSuffern, NY",,https://www.on3.com/db/abby-bosco-174136/nil/
WomensLacrosse,4,Kait Devir,"RidgewoodRidgewood, NJ",,https://www.on3.com/db/kait-devir-174140/nil/
WomensLacrosse,5,Ellie Masera,"Eastport-South ManorEastport, NY",,https://www.on3.com/db/ellie-masera-162481/nil/
WomensLacrosse,6,Katie DeSimone,"St. Anthony'sBay Shore, NY",,https://www.on3.com/db/katie-desimone-162484/nil/
WomensLacrosse,7,Izzy Scane,"Cranbrook SchoolsClarkston, MI",,https://www.on3.com/db/izzy-scane-162714/nil/
WomensLacrosse,8,Zoe Coleman,"Bishop WattersonColumbus, OH",,https://www.on3.com/db/zoe-coleman-174483/nil/
WomensLacrosse,9,Amani Kimball-McKavish,"Collegiate SchoolRichmond, VA",,https://www.on3.com/db/amani-kimball-mckavish-174482/nil/
WomensLacrosse,10,Ashley Humphrey,"DarienDarien, CT",,https://www.on3.com/db/ashley-humphrey-162469/nil/
WomensLacrosse,11,Emma LoPinto,"Manhasset Secondary SchoolManhasset, NY",,https://www.on3.com/db/emma-lopinto-162480/nil/
WomensLacrosse,12,Erin Coykendall,"SpencerportSpencerport, NY",,https://www.on3.com/db/erin-coykendall-162455/nil/
WomensLacrosse,13,Natalie Calandra-Ryan,"AuburnAuburn, NY",,https://www.on3.com/db/talie-calandra-ryan-162479/nil/
WomensLacrosse,14,Cailin Bracken,"RidgewoodRidgewood, NJ",,https://www.on3.com/db/cailin-bracken-177866/nil/
WomensLacrosse,15,Rachel Clark,"ConestogaDevon, PA",,https://www.on3.com/db/rachel-clark-162437/nil/
WomensLacrosse,16,Isabella Peterson,"HerefordSparks, MD",,https://www.on3.com/db/isabella-peterson-162506/nil/
WomensLacrosse,17,Kayla Martello,"Sacred Heart AcademyRockville Centre, NY",,https://www.on3.com/db/kayla-martello-174153/nil/
MensSoccer,1,RJ Stoller,"Thomas WorthingtonColumbus, OH",,https://www.on3.com/db/rj-stoller-174480/nil/
MensSoccer,2,Brett Bebej,"Minooka Community HSSHOREWOOD, IL",,https://www.on3.com/db/brett-bebej-176823/nil/
MensSoccer,3,Maouloune Goumballe,"Walnut HillsCincinnati, OH",,https://www.on3.com/db/maouloune-goumballe-176822/nil/
WomensSoccer,1,Kenlee Newcom,"Daviess CountyOwensboro, KY",https://www.on3.com/nil/athlete-network/,
WomensSoccer,2,Maricarmen Reyes,"SegerstromSanta Ana, CA",,https://www.on3.com/db/maricarmen-reyes-172042/nil/
WomensSoccer,3,Lauren Brzykcy,"San ClementeSan Clemente, CA",,https://www.on3.com/db/lauren-brzykcy-172029/nil/
WomensSoccer,4,Reyna Reyes,"Naaman ForestGarland, TX",,https://www.on3.com/db/rey-reyes-174931/nil/
WomensSoccer,5,Macy Clem,"J.K. MullenDenver, CO",,https://www.on3.com/db/macy-clem-174941/nil/
WomensSoccer,6,Riley Mattingly Parker,"Flower MoundFlower Mound, TX",,https://www.on3.com/db/riley-mattingly-parker-174926/nil/
WomensSoccer,7,Reilyn Turner,"Laguna BeachAliso Viejo, CA",,https://www.on3.com/db/reilyn-turner-172047/nil/
WomensSoccer,8,Lauren McCloskey,"Blessed Trinity CatholicCanton, GA",,https://www.on3.com/db/lauren-mccloskey-178781/nil/
WomensSoccer,9,Jody Brown,"Montverde AcademyMontverde, FL",,https://www.on3.com/db/jody-brown-171311/nil/
WomensSoccer,10,Madison Young,"Cardinal GibbonsFort Lauderdale, FL",,https://www.on3.com/db/madison-young-174668/nil/
WomensSoccer,11,Felicia Knox,"Notre Dame De SionKansas City, MO",,https://www.on3.com/db/felicia-knox-174927/nil/
WomensSoccer,12,Isabel Cox,"GrimsleyGreensboro, NC",,https://www.on3.com/db/isabel-cox-172271/nil/
WomensSoccer,13,Penelope Hocking,"SoCal BluesAnaheim, CA",,https://www.on3.com/db/penelope-hocking-162463/nil/
WomensSoccer,14,Ashlynn Serepca,"William Amos HoughCornelius, NC",,https://www.on3.com/db/ashlynn-serepca-174928/nil/
WomensSoccer,15,McKinley Crone,"EdgewaterMaitland, FL",,https://www.on3.com/db/mckinley-crone-174944/nil/
WomensSoccer,16,Allyson Sentnor,"Thayer AcademyHanson, MA",,https://www.on3.com/db/allyson-sentnor-172298/nil/
WomensSoccer,17,Tori Hansen,"WakefieldRaleigh, NC",,https://www.on3.com/db/tori-hansen-172282/nil/
WomensSoccer,18,Anna Haddock,"GreenwoodBowling Green, KY",,https://www.on3.com/db/an-haddock-162461/nil/
WomensSoccer,19,Maycee Bell,"Insight School of KansasWichita, KS",,https://www.on3.com/db/maycee-bell-162393/nil/
WomensSoccer,20,Gessica Skorka,"The ColonyPlano, TX",,https://www.on3.com/db/gessica-skorka-174942/nil/
WomensSoccer,21,Brooke Steere,"DexterDexter, MI",,https://www.on3.com/db/brooke-steere-174943/nil/
WomensSoccer,22,Ally Lemos,"San DimasSan Dimas, CA",,https://www.on3.com/db/ally-lemos-174945/nil/
WomensSoccer,23,Clara Robbins,"Colonial ForgeStafford, VA",,https://www.on3.com/db/clara-robbins-162897/nil/
WomensSoccer,24,Lauren Flynn,"YorktownArlington, VA",,https://www.on3.com/db/lauren-flynn-162458/nil/
WomensSoccer,25,Jyllissa Harris,"Red Bank CatholicHazlet, NJ",,https://www.on3.com/db/jyllissa-harris-162411/nil/
WomensSoccer,26,Lilly Reale,"HinghamHingham, MA",,https://www.on3.com/db/lilly-reale-172041/nil/
WomensSoccer,27,Riley Tanner,"East KentwoodCaledonia, MI",,https://www.on3.com/db/riley-tanner-174930/nil/
WomensSoccer,28,Catherine Barry,"Tabor AcademyHingham, MA",,https://www.on3.com/db/catherine-barry-172410/nil/
WomensSoccer,29,Sunshine Fontes,"Pearl CityWahiawa, HI",,https://www.on3.com/db/sunshine-fontes-174946/nil/
WomensSoccer,30,Payton Patrick,"HerefordParkton, MD",,https://www.on3.com/db/payton-patrick-172437/nil/
WomensSoccer,31,Michelle Cooper,"IMG AcademyClarkston, MI",,https://www.on3.com/db/michelle-cooper-162456/nil/
WomensSoccer,32,Abby Jacobs,"Gulf BreezePensacola, FL",,https://www.on3.com/db/abby-jacobs-176864/nil/
WomensSoccer,33,Alexa Spaanstra,"BrightonBrighton, MI",,https://www.on3.com/db/alexa-spaanstra-162450/nil/
WomensSoccer,34,Anna Podojil,"Indian HillCincinnati, OH",,https://www.on3.com/db/an-podojil-162438/nil/
WomensSoccer,35,Hallie Meadows,"Mountain BrookMountain Brook, AL",,https://www.on3.com/db/hallie-meadows-172433/nil/
WomensSoccer,36,Megan Bornkamp,"Mooresville SeniorMooresville, NC",,https://www.on3.com/db/megan-bornkamp-162401/nil/
WomensSoccer,37,Camryn Dixon,"Green HopeCary, NC",,https://www.on3.com/db/camryn-dixon-172419/nil/
WomensSoccer,38,Ashley Tutas,"Palm Harbor UniversityPalm Harbor, FL",,https://www.on3.com/db/ashley-tutas-172132/nil/
WomensSoccer,39,Josie Curtis,"Lakewood RanchBradenton, FL",,https://www.on3.com/db/josie-curtis-172121/nil/
WomensSoccer,40,Emmie Allen,"Laurel Springs SchoolHigh Point, NC",https://www.on3.com/nil/athlete-network/,
WomensSoccer,41,Taylor Jacobson,"Lake NonaOrlando, FL",,https://www.on3.com/db/taylor-jacobson-172428/nil/
WomensSoccer,42,Madelyn Desiano,"Aliso NiguelSan Clemente, CA",,https://www.on3.com/db/madelyn-desiano-172030/nil/
WomensSoccer,43,Quincy McMahon,"Guerin CatholicCarmel, IN",,https://www.on3.com/db/quincy-mcmahon-172037/nil/
WomensSoccer,44,Lexi Wright,"CarlsbadCarlsbad, CA",,https://www.on3.com/db/lexi-wright-174947/nil/
WomensSoccer,45,Maddie Dahlien,"EdinaMinneapolis, MN",,https://www.on3.com/db/maddie-dahlien-172272/nil/
WomensSoccer,46,Mackenzie Evers,"West AlleghenyOakdale, PA",,https://www.on3.com/db/mackenzie-evers-163142/nil/
WomensSoccer,47,Emily Colton,"La Costa CanyonCarlsbad, CA",,https://www.on3.com/db/emily-colton-172270/nil/
WomensSoccer,48,Jayden Perry,"Trabuco HillsRancho Santa Margarita, CA",,https://www.on3.com/db/jayden-perry-172040/nil/
WomensSoccer,49,Jordan Brewster,"HooverCanton, OH",,https://www.on3.com/db/jordan-brewster-162457/nil/
WomensSoccer,50,Maddy Anderson,"Clear FallsSeabrook, TX",,https://www.on3.com/db/maddy-anderson-178498/nil/
WomensSoccer,51,Naomi Splittorff,"Francis Joseph Reitz SchEvansville, IL",,https://www.on3.com/db/omi-splittorff-171639/nil/
WomensSoccer,52,Trinity Watson,"Point LomaSan Diego, CA",,https://www.on3.com/db/trinity-watson-163085/nil/
WomensSoccer,53,Croix Bethune,"AlpharettaAlpharetta, GA",,https://www.on3.com/db/croix-bethune-162436/nil/
WomensSoccer,54,Messiah Bright,"Cedar HillDallas, TX",,https://www.on3.com/db/messiah-bright-162451/nil/
WomensSoccer,55,Sophie Jones,"Menlo-AthertonMenlo Park, CA",,https://www.on3.com/db/sophie-jones-162442/nil/
WomensSoccer,56,Karleen Bedre,"NorcoNorco, CA",,https://www.on3.com/db/karleen-bedre-175262/nil/
WomensSoccer,57,Maya Doms,"Davis SeniorDavis, CA",,https://www.on3.com/db/maya-doms-162441/nil/
WomensSoccer,58,Ruthie Jones,"Charlotte Latin SchoolCharlotte, NC",,https://www.on3.com/db/ruthie-jones-162419/nil/
WomensSoccer,59,Jenna Nighswonger,"Huntington BeachHuntington Beach, CA",,https://www.on3.com/db/jen-nighswonger-162898/nil/
WomensSoccer,60,Onyi Echegini,Bexleyheath AcademyLondon,,https://www.on3.com/db/onyi-echegini-174921/nil/
WomensSoccer,61,Leyla McFarland,"EastlakeBonita, CA",,https://www.on3.com/db/leyla-mcfarland-163087/nil/
WomensSoccer,62,Mia Krusinski,"Ursuline Academy Of DallasDallas, TX",,https://www.on3.com/db/mia-krusinski-175381/nil/
WomensSoccer,63,Ashley Orkus,"Vestavia HillsVestavia, AL",,https://www.on3.com/db/ashley-orkus-162462/nil/
WomensSoccer,64,Gianna Paul,"Walt WhitmanHuntington Station, NY",,https://www.on3.com/db/gian-paul-174929/nil/
WomensSoccer,65,Savannah Kessler,"Murrieta ValleyMurrieta, CA",,https://www.on3.com/db/savanh-kessler-163092/nil/
WomensSoccer,66,Angeles Escobar,"Eastside High SchoolLancaster, CA",,https://www.on3.com/db/angeles-escobar-163091/nil/
WomensSoccer,67,Avery Patterson,"The Bolles SchoolJacksonville, FL",,https://www.on3.com/db/avery-patterson-172292/nil/
WomensSoccer,68,Lauren Donovan,"Maine SouthLoveland, OH",,https://www.on3.com/db/lauren-donovan-178780/nil/
WomensSoccer,69,Cristina Roque,"West OrangeWinter Garden, FL",,https://www.on3.com/db/cristi-roque-171332/nil/
WomensSoccer,70,Lia Godfrey,"Fleming IslandFleming Island, FL",,https://www.on3.com/db/lia-godfrey-162454/nil/
WomensSoccer,71,Kelsey Fuller,"Byron-Bergen High SchoolAlexander, NY",,https://www.on3.com/db/kelsey-fuller-163122/nil/
Softball,1,Montana Fouts,"East Carter CountyGrayson, KY",,https://www.on3.com/db/monta-fouts-162448/nil/
Softball,2,Maya Brady,"Oaks ChristianThousand Oaks, CA",,https://www.on3.com/db/maya-brady-163400/nil/
Softball,3,Jordy Bahl,"Papillion-La VistaPapillion, NE",,https://www.on3.com/db/jordy-bahl-162465/nil/
Softball,4,Grace Lyons,"Sandra Day O'connorPeoria, AZ",,https://www.on3.com/db/grace-lyons-162444/nil/
Softball,5,Kinzie Hansen,"NorcoNorco, CA",,https://www.on3.com/db/kinzie-hansen-173572/nil/
Softball,6,Baylee Klingler,"DickinsonHouston, TX",,https://www.on3.com/db/baylee-klingler-162468/nil/
Softball,7,Jaiden Fields,"HarrisonKennesaw, GA",,https://www.on3.com/db/jaiden-fields-176867/nil/
Softball,8,Tiare Jennings,"St. AnthonySan Pedro, CA",,https://www.on3.com/db/tiare-jennings-162432/nil/
Softball,9,Michaela Edenfield,"SneadsSneads, FL",,https://www.on3.com/db/michaela-edenfield-172917/nil/
Softball,10,Nicole May,"FoothillPleasanton, CA",,https://www.on3.com/db/nicole-may-173574/nil/
Softball,11,Megan Faraimo,"Cathedral CatholicOceanside, CA",,https://www.on3.com/db/megan-faraimo-162453/nil/
Softball,12,Kathryn Sandercock,"Bishop O'ConnellMclean, VA",,https://www.on3.com/db/kathryn-sandercock-162449/nil/
Softball,13,Haley Lee,"KingwoodKINGWOOD, TX",,https://www.on3.com/db/haley-lee-177671/nil/
Softball,14,Kaley Mudge,"Winter SpringsWinter Springs, FL",,https://www.on3.com/db/kaley-mudge-172930/nil/
Softball,15,Hannah Bryan,"Bishop ReadyColumbus, OH",,https://www.on3.com/db/hanh-bryan-175738/nil/
Softball,16,Kiley Naomi,"North VermilionLafayette, LA",,https://www.on3.com/db/kiley-omi-173129/nil/
Softball,17,Kelly Maxwell,"Clear SpringsFriendswood, TX",,https://www.on3.com/db/kelly-maxwell-162439/nil/
Softball,18,Cydney Sanders,"San MarcosSan Marcos, CA",,https://www.on3.com/db/cydney-sanders-162473/nil/
Softball,19,Makenna Reid,"TigardPortland, OR",,https://www.on3.com/db/maken-reid-171094/nil/
Softball,20,Zaida Puni,"St. AnthonyCarson, CA",,https://www.on3.com/db/zaida-puni-162460/nil/
Softball,21,Allie Skaggs,"Ironwood RidgeLouisville, KY",,https://www.on3.com/db/allie-skaggs-173363/nil/
Softball,22,Emma Lemley,"Jefferson ForestForest, VA",,https://www.on3.com/db/emma-lemley-163038/nil/
Softball,23,Sydney McKinney,"NorborneNorborne, MO",https://www.on3.com/nil/athlete-network/,
Softball,24,Madison Hanson,"Isle Of Wight AcademySmithfield, VA",,https://www.on3.com/db/madison-hanson-163037/nil/
Softball,25,Payton List,"Beaver AreaBeaver, PA",,https://www.on3.com/db/payton-list-173739/nil/
Softball,26,Brooke Lorenzo,"Obra D. Tompkins High SchoolKaty, TX",,https://www.on3.com/db/brooke-lorenzo-173478/nil/
Softball,27,Kayla Lane,"Troup CountyLagrange, GA",,https://www.on3.com/db/kayla-lane-163155/nil/
Softball,28,Zoe Jones,"MustangMustang, OK",,https://www.on3.com/db/zoe-jones-174974/nil/
Softball,29,Addison Barnard,"BeatriceBeatrice, NE",,https://www.on3.com/db/addison-barrd-162427/nil/
Softball,30,Sarah Proberts,"Olathe SouthOlathe, KS",,https://www.on3.com/db/sarah-proberts-174976/nil/
Softball,31,Camryn Compton,"RivertonRiverton, KS",,https://www.on3.com/db/camryn-compton-174635/nil/
Softball,32,Jada Cody,"Murrieta MesaMurrieta, CA",,https://www.on3.com/db/jada-cody-177511/nil/
Softball,33,Sarah Seamans,"Union AreaNew Castle, PA",,https://www.on3.com/db/sarah-seamans-163164/nil/
Softball,34,Mia Ewell,"GrantPortland, OR",,https://www.on3.com/db/mia-ewell-174405/nil/
Softball,35,Katelynn Carwile,"PurcellPurcell, OK",,https://www.on3.com/db/katelynn-carwile-173122/nil/
Softball,36,Olivia McFadden,"KatyKaty, TX",,https://www.on3.com/db/olivia-mcfadden-173150/nil/
Softball,37,Chyenne Factor,"YukonYukon, OK",,https://www.on3.com/db/chyenne-factor-173126/nil/
Softball,38,Danielle Williams,"Amador ValleyPleasanton, CA",,https://www.on3.com/db/danielle-williams-162459/nil/
WomensTrack,1,Tori Ortiz,"BataviaWinfield, IL",,https://www.on3.com/db/tori-ortiz-162406/nil/
WomensTrack,2,Riley White,"HooverHoover, AL",https://www.on3.com/nil/athlete-network/,
WomensTrack,3,Emily Cole,"KleinHouston, TX",,https://www.on3.com/db/emily-cole-162404/nil/
WomensTrack,4,Jess Gardner,"North StarLincoln, NE",,https://www.on3.com/db/jess-gardner-177497/nil/
WomensTrack,5,Ashley McElmurry,"SentinelMissoula, MT",,https://www.on3.com/db/ashley-mcelmurry-177501/nil/
WomensTrack,6,Ziyah Holman,"Georgetown Day SchoolHyattsville, MD",,https://www.on3.com/db/ziyah-holman-162977/nil/
WomensTrack,7,Katelyn Tuohy,"North RocklandStony Point, NY",,https://www.on3.com/db/katelyn-tuohy-162486/nil/
WomensTrack,8,Talitha Diggs,"Saucon ValleyPittsburgh, PA",,https://www.on3.com/db/talitha-diggs-162471/nil/
WomensTrack,9,Alia Armstrong,"St. Katharine Drexel Preparatory SchoolNew Orleans, LA",,https://www.on3.com/db/alia-armstrong-162400/nil/
WomensTrack,10,Parker Valby,"East LakeTampa, FL",,https://www.on3.com/db/parker-valby-162392/nil/
WomensTrack,11,Britton Wilson,"GodwinHENRICO, VA",,https://www.on3.com/db/britton-wilson-162466/nil/
WomensTrack,12,Taylor Manson,"East LansingEast Lansing, MI",,https://www.on3.com/db/taylor-manson-175837/nil/
WomensTrack,13,Jasmine Moore,"Lake RidgeGrand Prairie, TX",,https://www.on3.com/db/jasmine-moore-162477/nil/
WomensTrack,14,Lamara Distin,HydelKingston,,https://www.on3.com/db/lamara-distin-162475/nil/
WomensTrack,15,Nya Bussey,"TwinsburgTwinsburg, OH",,https://www.on3.com/db/nya-bussey-174484/nil/
WomensTrack,16,Gabi Barrera,"Timber CreekFort Worth, TX",,https://www.on3.com/db/gabi-barrera-176105/nil/
WomensTrack,17,Emily Brown,"FredoniaFredonia, NY",,https://www.on3.com/db/emily-brown-163153/nil/
WomensTrack,18,Maddie Russin,"Crown PointCrown Point, IN",,https://www.on3.com/db/maddie-russin-176786/nil/
WomensTrack,19,Courtney Williams,"Nerinx HallSaint Louis, MO",,https://www.on3.com/db/courtney-williams-173881/nil/
WomensTrack,20,Julien Alfred,St. CatherineCastries,,https://www.on3.com/db/julien-alfred-162397/nil/
WomensTrack,21,Jill Johnson,"MansfieldMansfield, TX",,https://www.on3.com/db/jill-johnson-163035/nil/
WomensTrack,22,Brianna Utecht,"MarshfieldMarshfield, MO",,https://www.on3.com/db/brian-utecht-174631/nil/
WomensTrack,23,Endeyah Lane,"St. Thomas AquinasFort Lauderdale, FL",,https://www.on3.com/db/endeyah-lane-163160/nil/
WomensTrack,24,Imani Clark,"LovejoyNew Orleans, LA",,https://www.on3.com/db/imani-clark-163163/nil/
WomensTrack,25,Margaux Thompson,"GoodlandGoodland, KS",,https://www.on3.com/db/margaux-thompson-174975/nil/
WomensTrack,26,Shaneylix Davila,"PoincianaKissimmee, FL",,https://www.on3.com/db/shaneylix-davila-177564/nil/
WomensTrack,27,Lillie Diaz,"MaizeMaize, KS",,https://www.on3.com/db/lillie-diaz-174977/nil/
WomensTrack,28,Tessani Foster,"Plainfield CentralPlainfield, IL",,https://www.on3.com/db/tessani-foster-176104/nil/
WomensTrack,29,Kerris Roberts,"EastWaterloo, IA",,https://www.on3.com/db/kerris-roberts-175117/nil/
MensGolf,1,Sam Bennett,"MadisonvilleMadisonville, TX",,https://www.on3.com/db/sam-bennett-179447/nil/
MensGolf,2,Tommy Morrison,"George Washington University Online High SchoolDallas, TX",,https://www.on3.com/db/tommy-morrison-178231/nil/
MensGolf,3,Matthew Kress,"Bellarmine PrepSaratoga, CA",,https://www.on3.com/db/matthew-kress-176455/nil/
MensGolf,4,Owen Avrit,"Arroyo GrandeArroyo Grande, CA",,https://www.on3.com/db/owen-avrit-176453/nil/
MensGolf,5,Graham Moody,"Mountain ViewVancouver, WA",,https://www.on3.com/db/graham-moody-176457/nil/
MensGolf,6,Anton Ouyang,"LynbrookSan Jose, CA",,https://www.on3.com/db/anton-ouyang-176458/nil/
WomensGolf,1,Rachel Heck,"St. Agnes AcademyMemphis, TN",,https://www.on3.com/db/rachel-heck-162701/nil/
WomensGolf,2,Amari Avery,"HomeschooledRiverside, CA",,https://www.on3.com/db/amari-avery-162710/nil/
WomensGolf,3,Latanna Stone,"Abeka AcademyRiverview, FL",,https://www.on3.com/db/latan-stone-175261/nil/
WomensGolf,4,Rose Zhang,"Pacific AcademyIrvine, CA",,https://www.on3.com/db/rose-zhang-162699/nil/
WomensGolf,5,Kaila Bonawitz,"Mountain ViewVancouver, WA",https://www.on3.com/nil/athlete-network/,
WomensGolf,6,Kaleiya Romero,"California Connections AcademySan Jose, CA",,https://www.on3.com/db/kaleiya-romero-163084/nil/
WomensGolf,7,Reese Guzman,"MauiKahului, HI",,https://www.on3.com/db/reese-guzman-163080/nil/
WomensGolf,8,Antonia Malate,"Stevenson SchoolSeaside, CA",,https://www.on3.com/db/antonia-malate-176456/nil/
WomensGolf,9,Ashley Kozlowski,"Rock CanyonLittleton, CO",,https://www.on3.com/db/ashley-kozlowski-165957/nil/
WomensGolf,10,Katie Lu,"West Windsor-Plainsboro NorthPlainsboro, NJ",,https://www.on3.com/db/katie-lu-165905/nil/